{
  "n_points": 175,
  "exponent_beta": 0.49636524343535454,
  "exponent_ci95": [
    0.482089814582853,
    0.510640672287856
  ],
  "exponent_r2": 0.9645707376391801,
  "origin_c": 2.9459288323880513,
  "origin_c_ci95": [
    2.884682960611344,
    3.0071747041647585
  ],
  "origin_r2": 0.9810608425686261,
  "ratio_mean": 3.024241291593918,
  "ratio_ci95": [
    2.9490533065069755,
    3.09942927668086
  ],
  "ratio_sd": 0.5039304867864172
}